gene	length	biotype
Olfr573-ps1	894	gene
Olfr1230	918	gene
Olfr1282	918	gene
Olfr1287	918	gene
Olfr1453	924	gene
Olfr1095	927	gene
Olfr883	930	gene
Olfr885	930	gene
Olfr917	930	gene
Olfr474	933	gene
Olfr514	933	gene
Olfr345	936	gene
Olfr1128	936	gene
Olfr1141	936	gene
Olfr547	936	gene
Olfr680-ps1	936	gene
Olfr773	936	gene
Olfr1373	936	gene
Olfr1371	936	gene
Olfr340	939	gene
Olfr834	939	gene
Olfr854	939	gene
Olfr768	939	gene
Olfr382	939	gene
Olfr262	939	gene
Olfr1008	942	gene
Olfr1040	942	gene
Olfr1053	942	gene
Olfr1061	942	gene
Olfr1066	942	gene
Olfr1076	942	gene
Olfr1158	942	gene
Olfr1329	942	gene
Olfr568	942	gene
Olfr1375	942	gene
Olfr993	945	gene
Olfr1145	945	gene
Olfr486	945	gene
Olfr492	945	gene
Olfr493	945	gene
Olfr519	945	gene
Olfr1475	945	gene
Olfr356	948	gene
Olfr1022	948	gene
Olfr555	948	gene
Olfr1436	948	gene
Olfr564	951	gene
Olfr593	951	gene
Olfr507	951	gene
Olfr891	951	gene
Olfr1502	951	gene
Olfr485	954	gene
Olfr74	957	gene
Olfr159	960	gene
Olfr275	960	gene
Olfr583	960	gene
Olfr631	960	gene
Olfr625-ps1	966	gene
Olfr688	966	gene
Olfr503	966	gene
Olfr284	966	gene
Olfr331	975	gene
Olfr1024	984	gene
Olfr304	1002	gene
Olfr294	1008	gene
Olfr1337	951	gene
Olfr26	931	gene
Olfr850	947	gene
Olfr589	966	gene
Olfr1084	961	gene
Olfr574	1039	gene
Olfr746	987	gene
Olfr1133	993	gene
Olfr494	1002	gene
Olfr761	1029	gene
Olfr603	1021	gene
Olfr1358	1064	gene
Olfr27	1125	gene
Olfr504	958	gene
Olfr1511	1468	gene
Olfr98	1039	gene
Olfr572	1233	gene
Olfr781	1304	gene
Olfr771	2098	gene
Olfr1445	1001	gene
Olfr170	1417	gene
Olfr108	1038	gene
Olfr952	1056	gene
Olfr747	1416	gene
Olfr1189	1983	gene
Olfr692	1126	gene
Olfr866	1077	gene
Olfr512	1056	gene
Olfr368	1200	gene
Olfr749	1330	gene
Olfr585	1030	gene
Olfr723	1078	gene
Olfr248	1010	gene
Olfr202	1321	gene
Olfr1335	1148	gene
Olfr1362	3045	gene
Olfr1136	1067	gene
Olfr871	1147	gene
Olfr1449	1304	gene
Olfr809	1100	gene
Olfr926	1051	gene
Olfr371	1162	gene
Olfr702	1646	gene
Olfr1367	1055	gene
Olfr456	1052	gene
Olfr1089	1118	gene
Olfr153	1258	gene
Olfr960	1148	gene
Olfr996	1068	gene
Olfr458	1799	gene
Olfr938	1190	gene
Olfr154	1079	gene
Olfr1164	1112	gene
Olfr1248	1078	gene
Olfr1055	1444	gene
Olfr206	1122	gene
Olfr1043	1824	gene
Olfr700	1505	gene
Olfr724	1152	gene
Olfr175-ps1	1201	gene
Olfr1112	1443	gene
Olfr725	1519	gene
Olfr944	1523	gene
Olfr1330	1419	gene
Olfr638	1158	gene
Olfr180	1518	gene
Olfr209	1194	gene
Olfr1037	1755	gene
Olfr726	1752	gene
Olfr697	1190	gene
Olfr1179	1309	gene
Olfr710	1312	gene
Olfr61	1348	gene
Olfr53	1328	gene
Olfr967	1210	gene
Olfr56	1990	gene
Olfr114	1457	gene
Olfr1086	1153	gene
Olfr1424	1714	gene
Olfr1233	1205	gene
Olfr987	1453	gene
Olfr672	1490	gene
Olfr1471	1662	gene
Olfr955	1452	gene
Olfr38	2782	gene
Olfr171	1406	gene
Olfr1368	1389	gene
Olfr120	1625	gene
Olfr434	1318	gene
Olfr1315-ps1	1559	gene
Olfr619	1370	gene
Olfr1474	1539	gene
Olfr282	1573	gene
Olfr187	1322	gene
Olfr770	1658	gene
Olfr1413	1724	gene
Olfr1232	2413	gene
Olfr799	1694	gene
Olfr1411	1901	gene
Olfr1288	1326	gene
Olfr895	1558	gene
Olfr156	1850	gene
Olfr649	1382	gene
Olfr516	1493	gene
Olfr543	1456	gene
Olfr907	1910	gene
Olfr1054	1410	gene
Olfr490	1275	gene
Olfr1289	1643	gene
Olfr1472	1377	gene
Olfr139	1311	gene
Olfr1186	1850	gene
Olfr930	1313	gene
Olfr310	1400	gene
Olfr1441	2131	gene
Olfr520	1330	gene
Olfr1134	1291	gene
Olfr1018	3186	gene
Olfr823	1431	gene
Olfr774	1429	gene
Olfr969	1597	gene
Olfr559	1560	gene
Olfr444	1472	gene
Olfr203	1521	gene
Olfr1491	1726	gene
Olfr1504	1514	gene
Olfr1497	1672	gene
Olfr121	1494	gene
Olfr978	1790	gene
Olfr1320	1982	gene
Olfr608	1482	gene
Olfr1499	1834	gene
Olfr463	2031	gene
Olfr94	1611	gene
Olfr47	1603	gene
Olfr132	1913	gene
Olfr380	1669	gene
Olfr360	1816	gene
Olfr570	1423	gene
Olfr970	1739	gene
Olfr1188	1406	gene
Olfr998	1399	gene
Olfr1049	1471	gene
Olfr131	1714	gene
Olfr1032	1442	gene
Olfr541	1642	gene
Olfr518	2994	gene
Olfr1494	2100	gene
Olfr807	1866	gene
Olfr378	1508	gene
Olfr1026	1538	gene
Olfr972	1641	gene
Olfr598	2026	gene
Olfr287	1776	gene
Olfr994	1648	gene
Olfr628	1553	gene
Olfr965	1722	gene
Olfr1140	1421	gene
Olfr328	2904	gene
Olfr181	1891	gene
Olfr99	1778	gene
Olfr1425	2178	gene
Olfr1239	1643	gene
Olfr1082	1620	gene
Olfr97	2168	gene
Olfr1052	1694	gene
Olfr283	2392	gene
Olfr1350	1768	gene
Olfr1347	1737	gene
Olfr118	1772	gene
Olfr119	1722	gene
Olfr803	2385	gene
Olfr1275	2418	gene
Olfr385	1671	gene
Olfr736	2485	gene
Olfr1451	1698	gene
Olfr126	1958	gene
Olfr1080	1582	gene
Olfr860	1686	gene
Olfr821	1993	gene
Olfr1283	1689	gene
Olfr57	1647	gene
Olfr629	2548	gene
Olfr222	2474	gene
Olfr92	2115	gene
Olfr1094	1693	gene
Olfr935	1693	gene
Olfr325	1649	gene
Olfr1111	1636	gene
Olfr224	2098	gene
Olfr1305	1815	gene
Olfr146	1651	gene
Olfr136	2534	gene
Olfr1174-ps	1738	gene
Olfr957	1726	gene
Olfr855	1797	gene
Olfr1006	1572	gene
Olfr134	1670	gene
Olfr1298	1563	gene
Olfr651	1598	gene
Olfr599	2183	gene
Olfr424	1642	gene
Olfr196	1711	gene
Olfr988	1906	gene
Olfr1360	2315	gene
Olfr616	1641	gene
Olfr1500	2697	gene
Olfr1223	2333	gene
Olfr205	1650	gene
Olfr1465	1561	gene
Olfr1255	2253	gene
Olfr110	1721	gene
Olfr96	2161	gene
Olfr113	1671	gene
Olfr549	1891	gene
Olfr743	2203	gene
Olfr412	1786	gene
Olfr43	2018	gene
Olfr1163	1611	gene
Olfr722	1582	gene
Olfr745	1930	gene
Olfr610	1643	gene
Olfr919	1992	gene
Olfr452	2813	gene
Olfr828	1689	gene
Olfr272	1973	gene
Olfr223	1695	gene
Olfr16	2690	gene
Olfr844	1686	gene
Olfr1386	2553	gene
Olfr703	1920	gene
Olfr782	1944	gene
Olfr1138	1611	gene
Olfr744	2583	gene
Olfr1299	1783	gene
Olfr1480	1819	gene
Olfr3	2018	gene
Olfr1102	1806	gene
Olfr1166	2004	gene
Olfr869	1783	gene
Olfr1284	1774	gene
Olfr450	1899	gene
Olfr995	1706	gene
Olfr812	1718	gene
Olfr399	1796	gene
Olfr464	2232	gene
Olfr1357	2286	gene
Olfr1427	3342	gene
Olfr449	1974	gene
Olfr138	1865	gene
Olfr172	1778	gene
Olfr150	1867	gene
Olfr508	1635	gene
Olfr401	2227	gene
Olfr1444	1872	gene
Olfr1058	1710	gene
Olfr538	1920	gene
Olfr168	2205	gene
Olfr818	1849	gene
Olfr985	1879	gene
Olfr350	2086	gene
Olfr1228	3223	gene
Olfr301	1937	gene
Olfr1306	1893	gene
Olfr622	2219	gene
Olfr707	1817	gene
Olfr106-ps	1791	gene
Olfr1353	1992	gene
Olfr1432	2068	gene
Olfr1493-ps1	1828	gene
Olfr902	2113	gene
Olfr247	1983	gene
Olfr1113	1949	gene
Olfr1512	2082	gene
Olfr992	2222	gene
Olfr1390	2875	gene
Olfr1510	1934	gene
Olfr1458	1914	gene
Olfr1214	2126	gene
Olfr963	2203	gene
Olfr1126	1827	gene
Olfr297	1928	gene
Olfr1131	1779	gene
Olfr530	1958	gene
Olfr479	3248	gene
Olfr1294	1983	gene
Olfr19	1967	gene
RP24-159I1.1	2064	gene
Olfr1308	2093	gene
Olfr183	2249	gene
Olfr288	2083	gene
Olfr872	1897	gene
Olfr467	1855	gene
Olfr165	1862	gene
Olfr465-ps1	2234	gene
Olfr657	2397	gene
Olfr666	1949	gene
Olfr319	2500	gene
Olfr945	1864	gene
Olfr704	2124	gene
Olfr875	2039	gene
Olfr1031	1946	gene
Olfr1241	2441	gene
Olfr115	2295	gene
Olfr228	1854	gene
Olfr937	2259	gene
Olfr1466	1981	gene
Olfr1428	2127	gene
Olfr785	2014	gene
Olfr480	1876	gene
Olfr30	2404	gene
Olfr951	1947	gene
Olfr1213	2612	gene
Olfr1224-ps1	2294	gene
Olfr104-ps	2771	gene
Olfr1104	2797	gene
Olfr270	3145	gene
Olfr323	1916	gene
Olfr1093	2240	gene
Olfr971	2027	gene
Olfr1000	2028	gene
Olfr1143	2028	gene
Olfr39	2028	gene
Olfr1495	2063	gene
Olfr611	2301	gene
Olfr811	2508	gene
Olfr1115	3604	gene
Olfr178	2103	gene
Olfr655	2012	gene
Olfr391-ps	2080	gene
Olfr738	2114	gene
Olfr533	2874	gene
Olfr862	2604	gene
Olfr1377	2441	gene
Olfr566	2040	gene
Olfr1121	1996	gene
Olfr910	1996	gene
Olfr137	2514	gene
Olfr669	2336	gene
Olfr107	4021	gene
Olfr195	2077	gene
Olfr491	2136	gene
Olfr517	2139	gene
Olfr1380	2498	gene
Olfr742	2244	gene
Olfr1079	2141	gene
Olfr1242	2569	gene
Olfr513	2029	gene
Olfr690	2085	gene
Olfr1155	2122	gene
Olfr1249	3047	gene
Olfr612	2473	gene
Olfr1056	2213	gene
Olfr435	2491	gene
Olfr361	2749	gene
Olfr169	2476	gene
Olfr1251	3133	gene
Olfr792	2113	gene
Olfr71	2707	gene
Olfr1173	5363	gene
Olfr1090	2103	gene
Olfr1180	2107	gene
Olfr1065	2174	gene
Olfr1254	2650	gene
Olfr934	2462	gene
Olfr316	2719	gene
Olfr531	3874	gene
Olfr152	2172	gene
Olfr1208	2844	gene
Olfr763	2523	gene
Olfr1168	2322	gene
Olfr1426	3058	gene
Olfr266	2195	gene
Olfr913	2441	gene
Olfr441	2402	gene
Olfr1420	2998	gene
Olfr122	2224	gene
Olfr1532-ps1	2439	gene
Olfr630	2198	gene
Olfr1535	3959	gene
Olfr198	2200	gene
Olfr601	2266	gene
Olfr1317	2578	gene
Olfr317	2781	gene
Olfr764	2854	gene
Olfr560	2168	gene
Olfr857	2306	gene
Olfr766	2909	gene
Olfr1153	2144	gene
Olfr1124	2422	gene
Olfr186	2323	gene
Olfr476	2539	gene
Olfr791	2502	gene
Olfr521	2277	gene
Olfr315	2458	gene
Olfr727	2616	gene
Olfr212	2672	gene
Olfr1349	4935	gene
Olfr815	2881	gene
Olfr473	2319	gene
Olfr221	3044	gene
Olfr1463	2315	gene
Olfr235	3459	gene
Olfr60	3300	gene
Olfr1129	2403	gene
Olfr678	2369	gene
Olfr1507	2803	gene
Olfr1509	2525	gene
Olfr606	2649	gene
RP23-213D14.2	2340	gene
Olfr1019	3031	gene
Olfr691	2327	gene
Olfr1395	2984	gene
Olfr665	3248	gene
Olfr9	2672	gene
Olfr20	2390	gene
Olfr1311	2667	gene
Olfr1109	2483	gene
Olfr65	2855	gene
Olfr406	2842	gene
Olfr177	2401	gene
Olfr498	2260	gene
Olfr58	2454	gene
Olfr1257	2756	gene
Olfr813	2410	gene
Olfr847	2385	gene
Olfr509	3547	gene
Olfr1417	3582	gene
Olfr1344	2590	gene
Olfr33	2372	gene
Olfr1002	2295	gene
Olfr1457	2538	gene
Olfr149	2806	gene
Olfr765	2594	gene
Olfr1388	3034	gene
Olfr1215	2683	gene
Olfr786	2824	gene
Olfr800	3831	gene
Olfr641	2379	gene
Olfr93	2929	gene
Olfr1195	2585	gene
Olfr1496	2394	gene
Olfr554	2659	gene
Olfr90	3188	gene
Olfr1015	2479	gene
Olfr1351	2489	gene
Olfr805	3314	gene
Olfr429	2510	gene
Olfr293	2852	gene
Olfr1446	2417	gene
Olfr1272	2442	gene
Olfr561	2498	gene
Olfr1020	2640	gene
Olfr1506	2495	gene
Olfr497	2396	gene
Olfr17	3666	gene
Olfr1245	2610	gene
Olfr495	2460	gene
Olfr1447	2586	gene
Olfr705	3085	gene
Olfr477	2930	gene
Olfr148	2775	gene
Olfr1339	2559	gene
Olfr478	2477	gene
Olfr23	2527	gene
Olfr1216	3667	gene
Olfr70	2568	gene
Olfr320	3029	gene
Olfr597	2727	gene
Olfr1302	2729	gene
Olfr1047	2450	gene
Olfr364-ps1	2894	gene
Olfr633	3915	gene
Olfr1391	3235	gene
Olfr901	2731	gene
Olfr826	2858	gene
Olfr419	2685	gene
Olfr1014	2447	gene
Olfr1106	2573	gene
Olfr1154	2917	gene
Olfr1326-ps1	3637	gene
Olfr829	2590	gene
Olfr790	2659	gene
Olfr1361	2792	gene
Olfr794	3044	gene
Olfr1348	2714	gene
Olfr557	2680	gene
Olfr214	2802	gene
Olfr411	2545	gene
Olfr772	2955	gene
Olfr313	2612	gene
Olfr433	2968	gene
Olfr111	2620	gene
Olfr1130	2648	gene
Olfr1201	2602	gene
Olfr1036	3203	gene
Olfr658	2915	gene
Olfr874	2632	gene
Olfr686	2646	gene
Olfr1176	2823	gene
Olfr10	2776	gene
Olfr389	3417	gene
Olfr1303	2976	gene
Olfr314	2647	gene
Olfr1199	2967	gene
Olfr199	2728	gene
Olfr1389	3707	gene
Olfr1313	2599	gene
Olfr822	2663	gene
Olfr877	2761	gene
Olfr1419	3087	gene
Olfr384	2576	gene
Olfr667	2695	gene
Olfr62	2654	gene
Olfr780	2910	gene
Olfr1252	3331	gene
Olfr896-ps1	2921	gene
Olfr676	2802	gene
Olfr482	2612	gene
Olfr1135	2648	gene
Olfr582	3108	gene
Olfr1192-ps1	2738	gene
Olfr1243	3148	gene
Olfr784	3119	gene
Olfr893	2924	gene
Olfr1513	2873	gene
Olfr835	2690	gene
Olfr381	2658	gene
Olfr1184	3164	gene
Olfr1338	2947	gene
Olfr1392	3670	gene
Olfr1098	2885	gene
Olfr1434	2714	gene
Olfr69	2829	gene
Olfr1406	3149	gene
Olfr923	2846	gene
Olfr594	2809	gene
Olfr1177-ps	2821	gene
Olfr102	2783	gene
Olfr980	3050	gene
Olfr173	2778	gene
Olfr220	3286	gene
Olfr1217	3992	gene
Olfr112	3558	gene
Olfr1393	3010	gene
Olfr1431	3001	gene
Olfr483	2691	gene
Olfr1290	2729	gene
Olfr164	2792	gene
Olfr1364	3119	gene
Olfr448	3024	gene
Olfr523	4165	gene
Olfr711	4724	gene
Olfr975	2848	gene
Olfr1110	3159	gene
Olfr309	3293	gene
Olfr1555-ps1	2918	gene
Olfr1415	2815	gene
Olfr1229	3594	gene
Olfr1016	2738	gene
Olfr76	3175	gene
Olfr135	2917	gene
Olfr976	2998	gene
Olfr52	2751	gene
Olfr133	3130	gene
Olfr1051	2840	gene
Olfr888	2930	gene
Olfr1197	2899	gene
Olfr193	2855	gene
Olfr123	2883	gene
Olfr332	3426	gene
Olfr605	2921	gene
Olfr527	3362	gene
Olfr1046	2770	gene
Olfr18	2896	gene
Olfr117	3498	gene
Olfr51	2819	gene
Olfr644	3572	gene
Olfr1100	2937	gene
Olfr617	3083	gene
Olfr447	3185	gene
Olfr1148	3095	gene
Olfr1151	2866	gene
Olfr677	3227	gene
Olfr1333	2996	gene
Olfr584	3152	gene
Olfr1450	3075	gene
Olfr558	3041	gene
Olfr330	2836	gene
Olfr648	2929	gene
Olfr66	3080	gene
Olfr461	4292	gene
Olfr437	2952	gene
Olfr1028	3474	gene
Olfr577	3282	gene
Olfr1261	3176	gene
Olfr351	3426	gene
Olfr470	3080	gene
Olfr311	2961	gene
Olfr961	3374	gene
Olfr1225	5517	gene
Olfr609	3429	gene
Olfr1045	2960	gene
Olfr5	2980	gene
Olfr1505	3685	gene
Olfr721-ps1	3075	gene
Olfr510	3101	gene
Olfr1356	3023	gene
Olfr1394	3024	gene
Olfr1279	3385	gene
Olfr1057	3249	gene
Olfr1366	3112	gene
Olfr73	3048	gene
Olfr1222	3796	gene
Olfr1212	3636	gene
Olfr1219	5865	gene
Olfr141	2935	gene
Olfr1048	2981	gene
Olfr215	4112	gene
Olfr101	2989	gene
Olfr654	3063	gene
Olfr32	3117	gene
Olfr142	3630	gene
Olfr894	3234	gene
Olfr741	3406	gene
Olfr685	3326	gene
Olfr1101	3235	gene
Olfr469	3164	gene
Olfr11	3265	gene
Olfr453	3082	gene
Olfr1331	3230	gene
Olfr958	3831	gene
Olfr1314	2976	gene
Olfr974	3561	gene
Olfr1170	3355	gene
Olfr884	3185	gene
Olfr103	3079	gene
Olfr59	3363	gene
Olfr1404	3686	gene
Olfr1198	3413	gene
Olfr355	3610	gene
Olfr229	3125	gene
Olfr372	3542	gene
Olfr460	3370	gene
Olfr522	4766	gene
Olfr825	3502	gene
Olfr1342	3269	gene
Olfr430	3873	gene
Olfr1105	3012	gene
Olfr1385	4412	gene
Olfr140	3574	gene
Olfr218	3623	gene
Olfr684	3182	gene
Olfr1185-ps1	3344	gene
Olfr796	3554	gene
Olfr402	3566	gene
Olfr1	3433	gene
Olfr267	4050	gene
Olfr1412	3663	gene
Olfr986	3487	gene
Olfr544	3270	gene
Olfr1012	3115	gene
Olfr699	4193	gene
Olfr506	3228	gene
Olfr830	3105	gene
Olfr1137	3073	gene
Olfr870	4091	gene
Olfr166	4371	gene
Olfr596	3392	gene
Olfr292	3211	gene
Olfr376	3342	gene
Olfr1442	3593	gene
Olfr576	3132	gene
Olfr671	3225	gene
Olfr1355	3317	gene
Olfr715b	3879	gene
Olfr403	3444	gene
Olfr618	3304	gene
Olfr816	3306	gene
Olfr1461	3481	gene
Olfr502	3282	gene
Olfr1462	3424	gene
Olfr143	3449	gene
Olfr1286	3740	gene
Olfr1218	3900	gene
Olfr1340	3341	gene
Olfr1156	3300	gene
Olfr1206	3303	gene
Olfr298	3549	gene
Olfr1408	3453	gene
Olfr1132	3260	gene
Olfr8	3407	gene
Olfr1318	3747	gene
Olfr632	3282	gene
Olfr954	3299	gene
Olfr397	4168	gene
Olfr352	3337	gene
Olfr48	3848	gene
Olfr127	3733	gene
Olfr1044	3266	gene
Olfr873	3784	gene
Olfr979	3397	gene
Olfr291	3471	gene
Olfr1325	3617	gene
Olfr1274-ps	3395	gene
Olfr128	3644	gene
Olfr91	3832	gene
Olfr1150-ps1	3311	gene
Olfr845	3530	gene
Olfr716	4062	gene
Olfr155	3480	gene
Olfr1062	3726	gene
Olfr1193	3690	gene
Olfr645	3677	gene
Olfr814	3819	gene
Olfr545	3496	gene
Olfr346	4104	gene
Olfr286	3821	gene
Olfr556	3825	gene
Olfr615	3469	gene
Olfr661	3790	gene
Olfr373	4145	gene
Olfr347	3385	gene
Olfr160	3492	gene
Olfr324	3691	gene
Olfr575	3512	gene
Olfr776	3499	gene
Olfr392	3904	gene
Olfr806	3724	gene
Olfr455	4054	gene
Olfr1253	6332	gene
Olfr916	3685	gene
Olfr1418	4046	gene
Olfr701	4100	gene
Olfr739	3581	gene
Olfr342	3818	gene
Olfr1369-ps1	3930	gene
Olfr775	3598	gene
Olfr924	3431	gene
Olfr420	3806	gene
Olfr358	4962	gene
Olfr911-ps1	3576	gene
Olfr1234	3827	gene
Olfr1322	3886	gene
Olfr1269	3827	gene
Olfr1221	3753	gene
Olfr733	3669	gene
Olfr239	3773	gene
Olfr1467	3671	gene
Olfr600	3527	gene
Olfr1211	4220	gene
Olfr12	4158	gene
Olfr798	3590	gene
Olfr683	3841	gene
Olfr668	3613	gene
Olfr1025-ps1	3578	gene
Olfr44	3578	gene
Olfr305	3749	gene
Olfr1107	4388	gene
Olfr124	4497	gene
Olfr125	3835	gene
Olfr693	4015	gene
Olfr348	3634	gene
Olfr769	4325	gene
Olfr1383	4168	gene
Olfr13	3677	gene
Olfr748	3632	gene
Olfr1293-ps	3628	gene
Olfr646	3778	gene
Olfr698	4024	gene
Olfr1161	3675	gene
Olfr263	3963	gene
Olfr1382	4294	gene
Olfr390	3740	gene
Olfr801	4045	gene
Olfr1263	4400	gene
Olfr1484	3842	gene
Olfr459	3770	gene
Olfr789	4421	gene
Olfr906	3775	gene
Olfr623	3980	gene
Olfr1202	3665	gene
Olfr194	3705	gene
Olfr1264	4311	gene
Olfr578	3665	gene
Olfr353	4173	gene
Olfr1354	3792	gene
Olfr201	3706	gene
Olfr824	3862	gene
Olfr918	3783	gene
Olfr1259	4325	gene
Olfr675	3828	gene
Olfr670	3729	gene
Olfr1437	3751	gene
Olfr1042	5096	gene
Olfr536	4231	gene
Olfr640	4009	gene
Olfr1029	3743	gene
Olfr312	3776	gene
Olfr695	3953	gene
Olfr1448	4336	gene
Olfr1226	7046	gene
Olfr1039	4166	gene
Olfr837	3758	gene
Olfr487	3785	gene
Olfr329-ps	4052	gene
Olfr67	3851	gene
Olfr105-ps	3778	gene
Olfr1250	4632	gene
Olfr191	3857	gene
Olfr819	3930	gene
Olfr31	4126	gene
Olfr553	3972	gene
Olfr303	4106	gene
Olfr6	6834	gene
Olfr1384	4437	gene
Olfr922	4028	gene
Olfr735	3860	gene
Olfr613	5139	gene
Olfr1181	3934	gene
Olfr1402	4051	gene
Olfr393	4048	gene
Olfr1009	4047	gene
Olfr1396	4237	gene
Olfr1087	3861	gene
Olfr1220	4223	gene
Olfr1443	4343	gene
Olfr308	4991	gene
Olfr853	3888	gene
Olfr250	3969	gene
Olfr552	4206	gene
Olfr427	3866	gene
Olfr1454	4215	gene
Olfr921	4120	gene
Olfr732	3862	gene
Olfr878	4003	gene
Olfr213	4020	gene
Olfr1231	3961	gene
Olfr259	4095	gene
Olfr1260	4226	gene
Olfr1316	4184	gene
Olfr642	4715	gene
Olfr898	4169	gene
Olfr418	4388	gene
Olfr1359	4425	gene
Olfr1477	4000	gene
Olfr1167	4276	gene
Olfr1033	3973	gene
Olfr318	4552	gene
Olfr237-ps1	4220	gene
Olfr948	4164	gene
Olfr959	5616	gene
Olfr740	4103	gene
Olfr656	4091	gene
Olfr1487	4080	gene
Olfr95	5129	gene
Olfr730	4903	gene
Olfr881	4237	gene
Olfr446	4399	gene
Olfr322	4779	gene
Olfr820	4701	gene
Olfr362	4059	gene
Olfr788	4747	gene
Olfr466	4192	gene
Olfr548-ps1	4287	gene
Olfr1370	4322	gene
Olfr714	4324	gene
Olfr1240	4603	gene
Olfr68	4093	gene
Olfr1469	4106	gene
Olfr1346	4525	gene
Olfr868	4233	gene
Olfr1537	4114	gene
Olfr968	4630	gene
Olfr1196	4270	gene
Olfr1295	5539	gene
Olfr116	4477	gene
Olfr1341	4700	gene
Olfr681	4729	gene
Olfr532	4232	gene
Olfr370	4600	gene
Olfr1378	4324	gene
Olfr281	4535	gene
Olfr299	4479	gene
Olfr729	4283	gene
Olfr715	5114	gene
Olfr1352	4356	gene
Olfr24	4327	gene
Olfr1501	4395	gene
Olfr1182	4460	gene
Olfr50	4531	gene
Olfr718-ps1	4913	gene
Olfr457	4404	gene
Olfr395	4275	gene
Olfr1122	5036	gene
Olfr933	4475	gene
Olfr659	4842	gene
Olfr706	4828	gene
Olfr307	4515	gene
Olfr808	4523	gene
Olfr1309	5448	gene
Olfr876	4474	gene
Olfr524	5044	gene
Olfr64	5001	gene
Olfr1034	4882	gene
Olfr905	4429	gene
Olfr588-ps1	4607	gene
Olfr846	4342	gene
Olfr832	4435	gene
Olfr810	4809	gene
Olfr414	4526	gene
Olfr1387	4840	gene
Olfr734	4416	gene
Olfr285	5330	gene
Olfr55	4758	gene
Olfr720	4832	gene
Olfr1099	4867	gene
Olfr1120	4404	gene
Olfr1321	4482	gene
Olfr273	4796	gene
RP24-140M19.6	4661	gene
Olfr586	6169	gene
Olfr432	4533	gene
Olfr1381	4954	gene
Olfr1097	4705	gene
Olfr652	5329	gene
Olfr1157	4621	gene
Olfr1438-ps1	4761	gene
Olfr1023	4740	gene
Olfr920	5711	gene
Olfr1030	4522	gene
Olfr569	4741	gene
Olfr240-ps1	4944	gene
Olfr867	4617	gene
Olfr591	4802	gene
Olfr1281	4905	gene
Olfr653	4786	gene
Olfr535	5186	gene
Olfr78	4695	gene
Olfr914	4948	gene
Olfr550	4957	gene
Olfr488	4624	gene
Olfr484	4676	gene
Olfr243	4735	gene
Olfr54	5048	gene
Olfr251	4930	gene
Olfr709-ps1	5078	gene
Olfr1301	4820	gene
Olfr1270	4982	gene
Olfr1310	4897	gene
Olfr211	4880	gene
Olfr398	5348	gene
Olfr49	5717	gene
Olfr129	5275	gene
Olfr1416	4838	gene
Olfr1162	4800	gene
Olfr1096-ps1	5036	gene
Olfr571	5153	gene
Olfr1200	4996	gene
Olfr339	4867	gene
Olfr694	5035	gene
Olfr1328	5038	gene
Olfr365	5374	gene
Olfr1085	5191	gene
Olfr1323	5431	gene
Olfr787	4958	gene
Olfr231	5204	gene
Olfr713	6329	gene
Olfr1118	4976	gene
Olfr1013	4925	gene
Olfr1276	5052	gene
Olfr679	5184	gene
Olfr777	5407	gene
Olfr462	5598	gene
Olfr525	5137	gene
Olfr410	5075	gene
Olfr1312	5345	gene
Olfr904	5197	gene
Olfr1423	5570	gene
Olfr836	5046	gene
Olfr1246	5411	gene
Olfr984	5186	gene
Olfr366	5333	gene
Olfr481	5247	gene
Olfr750	5789	gene
Olfr394	5628	gene
Olfr357	5367	gene
Olfr472	5392	gene
Olfr802	5535	gene
Olfr290	5196	gene
Olfr1238	5761	gene
Olfr982	5576	gene
Olfr1490	5165	gene
Olfr147	5356	gene
Olfr1564	5418	gene
Olfr1123	5245	gene
Olfr804	5737	gene
Olfr1247	6070	gene
Olfr767	5493	gene
Olfr279	5605	gene
Olfr1508	5791	gene
Olfr204	5371	gene
Olfr551	5440	gene
Olfr890	5475	gene
Olfr1291-ps1	5403	gene
Olfr1265	5701	gene
Olfr731	5572	gene
Olfr620	5559	gene
Olfr109	5861	gene
Olfr1324	5679	gene
Olfr1277	5944	gene
Olfr1256	6081	gene
Olfr1209	5611	gene
Olfr889	5673	gene
Olfr1175-ps	5552	gene
Olfr2	6178	gene
Olfr417	6080	gene
Olfr624	5731	gene
Olfr130	5959	gene
Olfr912	5726	gene
Olfr689	5819	gene
Olfr607	5706	gene
Olfr1414	6017	gene
Olfr1191-ps1	5933	gene
Olfr338	5780	gene
Olfr15	6240	gene
Olfr1160	6042	gene
Olfr295	6013	gene
Olfr1271	6613	gene
Olfr1262	6068	gene
Olfr887	6281	gene
Olfr157	6617	gene
Olfr45	6157	gene
Olfr1204	6935	gene
Olfr643	6133	gene
Olfr1205	6149	gene
Olfr849	6140	gene
Olfr983	6196	gene
Olfr851	7123	gene
Olfr167	7435	gene
Olfr145	6796	gene
Olfr1152	6201	gene
Olfr1178	6480	gene
Olfr25	6479	gene
Olfr1336	6882	gene
Olfr592	6566	gene
Olfr341	6634	gene
Olfr843	7499	gene
Olfr639	6570	gene
Olfr1258	7098	gene
Olfr1278	6901	gene
Olfr1280	6883	gene
Olfr1297	6998	gene
Olfr728	7087	gene
Olfr63	7023	gene
Olfr161	7133	gene
Olfr1410	7927	gene
Olfr839-ps1	7759	gene
Olfr1440	7588	gene
Olfr46	7750	gene
Olfr344	7675	gene
Olfr1183	8353	gene
Olfr190	8240	gene
Olfr981	8197	gene
Olfr827	8457	gene
Olfr943	8308	gene
Olfr635	8565	gene
Olfr374	8718	gene
Olfr1459	8854	gene
Olfr77	9649	gene
Olfr354	9539	gene
Olfr859	9596	gene
Olfr1116	9655	gene
Olfr1489	11140	gene
Olfr539	11486	gene
Olfr1307	15582	gene
RP23-360H16.9	41	pseudogene
RP23-145J9.12	46	pseudogene
RP23-218B2.14	50	pseudogene
RP24-155I15.7	58	pseudogene
RP24-343J20.3	64	pseudogene
RP23-360H16.10	75	pseudogene
RP23-311F6.7	78	pseudogene
Olfr865-ps1	85	pseudogene
RP23-103M20.2	85	pseudogene
RP23-314A15.3	88	pseudogene
RP23-314A15.4	88	pseudogene
RP23-213I10.14	90	pseudogene
RP24-155I15.5	94	pseudogene
RP24-306C18.12	101	pseudogene
RP23-145J9.13	112	pseudogene
Olfr1108-ps1	121	pseudogene
RP23-414J18.2	121	pseudogene
RP23-25M5.13	124	pseudogene
Olfr751-ps1	125	pseudogene
RP23-336F11.37	125	pseudogene
RP23-327E18.14	133	pseudogene
Olfr1481-ps1	134	pseudogene
RP23-68E7.5	136	pseudogene
Olfr1488-ps1	136	pseudogene
Olfr1007-ps1	138	pseudogene
RP23-115M13.4	142	pseudogene
RP23-62N8.4	145	pseudogene
RP24-316F13.6	146	pseudogene
RP24-73D4.13	154	pseudogene
RP24-306C18.11	155	pseudogene
RP24-539K4.1	160	pseudogene
Olfr1139-ps1	168	pseudogene
RP23-298C24.11	178	pseudogene
Olfr1482-ps1	178	pseudogene
Olfr1266-ps1	180	pseudogene
RP23-145J9.4	183	pseudogene
Olfr1304-ps1	189	pseudogene
Olfr515-ps1	189	pseudogene
Olfr1172-ps1	192	pseudogene
RP23-222H15.13	193	pseudogene
RP23-222H15.14	196	pseudogene
RP23-402N17.5	199	pseudogene
Olfr778-ps1	207	pseudogene
Olfr1421-ps1	208	pseudogene
Olfr1401-ps1	211	pseudogene
Olfr511-ps1	217	pseudogene
Olfr1486-ps1	220	pseudogene
RP24-136E12.1	223	pseudogene
Olfr852-ps1	226	pseudogene
RP23-60G16.3	229	pseudogene
Olfr880-ps1	229	pseudogene
Olfr1169-ps1	233	pseudogene
RP23-100B15.8	235	pseudogene
RP23-433M13.5	235	pseudogene
Olfr928-ps1	237	pseudogene
Olfr278-ps1	238	pseudogene
Olfr1345-ps1	244	pseudogene
Olfr375-ps1	249	pseudogene
Olfr1435-ps1	249	pseudogene
RP23-180L15.9	251	pseudogene
Olfr1409-ps1	252	pseudogene
Olfr719-ps	252	pseudogene
Olfr363-ps	254	pseudogene
RP23-263O15.9	260	pseudogene
Olfr1041-ps1	271	pseudogene
Olfr1319-ps1	274	pseudogene
RP24-155I15.6	275	pseudogene
RP23-28E6.13	280	pseudogene
Olfr737-ps1	283	pseudogene
Olfr436-ps1	284	pseudogene
Olfr277-ps1	285	pseudogene
RP23-127L7.8	295	pseudogene
Olfr269-ps1	302	pseudogene
Olfr343-ps1	303	pseudogene
RP23-2D7.22	305	pseudogene
Olfr439-ps1	307	pseudogene
Olfr1235-ps1	314	pseudogene
Olrf445-ps1	314	pseudogene
Olfr442-ps1	316	pseudogene
Olfr626-ps1	318	pseudogene
Olfr546-ps1	326	pseudogene
Olfr1144-ps1	328	pseudogene
RP24-346N18.1	331	pseudogene
Olfr1187-ps1	334	pseudogene
Olfr1483-ps1	334	pseudogene
Olfr946-ps1	341	pseudogene
Olfr454-ps1	348	pseudogene
Olfr1476-ps1	367	pseudogene
RP23-10M2.4	368	pseudogene
Olfr289-ps1	369	pseudogene
Olfr1485-ps1	370	pseudogene
Olfr660-ps1	375	pseudogene
Olfr1545-ps1	375	pseudogene
RP23-210M6.11	375	pseudogene
Olfr1073-ps1	381	pseudogene
Olfr1479-ps1	382	pseudogene
Olfr1070-ps1	388	pseudogene
Olfr1478-ps1	391	pseudogene
Olfr326-ps1	392	pseudogene
Olfr662-ps1	396	pseudogene
Olfr1092-ps1	398	pseudogene
Olfr673-ps1	411	pseudogene
Olfr757-ps1	413	pseudogene
Olfr797-ps1	415	pseudogene
Olfr783-ps1	441	pseudogene
Olfr962-ps1	442	pseudogene
Olfr882-ps1	450	pseudogene
Olfr1528-ps1	454	pseudogene
Olfr428-ps1	456	pseudogene
Olfr1114-ps1	466	pseudogene
Olfr1556-ps1	466	pseudogene
Olfr1075-ps1	470	pseudogene
Olfr637-ps1	471	pseudogene
RP23-2D7.21	478	pseudogene
Olfr1005-ps1	488	pseudogene
Olfr1236-ps1	509	pseudogene
Olfr184-ps1	516	pseudogene
Olfr1456-ps1	518	pseudogene
Olfr431-ps1	544	pseudogene
Olfr931-ps1	549	pseudogene
Olfr581-ps1	556	pseudogene
Olfr717-ps1	556	pseudogene
Olfr182-ps1	571	pseudogene
Olfr966-ps1	577	pseudogene
Olfr1004-ps1	580	pseudogene
Olfr929-ps1	585	pseudogene
Olfr1059-ps1	586	pseudogene
RP23-2D7.20	587	pseudogene
NA	592	pseudogene
Olfr468-ps1	593	pseudogene
Olfr1091-ps1	595	pseudogene
Olfr274-ps1	595	pseudogene
Olfr1064-ps1	600	pseudogene
RP23-34J1.5	606	pseudogene
Olfr349-ps1	609	pseudogene
Olfr540-ps1	612	pseudogene
Olfr1078-ps1	632	pseudogene
Olfr241-ps1	633	pseudogene
Olfr1119-ps1	634	pseudogene
RP23-172K2.1	634	pseudogene
Olfr942-ps1	662	pseudogene
Olfr1017-ps1	664	pseudogene
Olfr1244-ps1	683	pseudogene
Olfr1149-ps1	691	pseudogene
Olfr879-ps1	694	pseudogene
Olfr759-ps1	700	pseudogene
Olfr886-ps1	708	pseudogene
Olfr1003-ps1	717	pseudogene
Olfr528-ps1	728	pseudogene
RP23-343E12.14	729	pseudogene
Olfr306-ps1	743	pseudogene
Olfr1422-ps1	743	pseudogene
Olfr760-ps1	1548	pseudogene
Olfr1542-ps1	748	pseudogene
Olfr795-ps1	752	pseudogene
Olfr939-ps1	763	pseudogene
Olfr1455-ps1	766	pseudogene
RP23-271O7.5	771	pseudogene
Olfr925-ps1	775	pseudogene
Olfr927-ps1	780	pseudogene
Olfr1407-ps1	782	pseudogene
Olfr1503-ps1	797	pseudogene
Olfr416-ps1	803	pseudogene
Olfr189-ps1	804	pseudogene
Olfr1142-ps1	804	pseudogene
Olfr260-ps1	805	pseudogene
Olfr1439-ps1	822	pseudogene
RP24-271G1.2	824	pseudogene
Olfr1327-ps1	827	pseudogene
Olfr369-ps1	4039	pseudogene
Olfr758-ps1	835	pseudogene
CAAA01096603.1	836	pseudogene
Olfr841-ps1	841	pseudogene
Olfr567-ps1	844	pseudogene
RP23-127L7.9	848	pseudogene
RP23-58L22.6	857	pseudogene
Olfr1088-ps1	859	pseudogene
Olfr1492-ps1	859	pseudogene
Olfr407-ps1	863	pseudogene
Olfr956-ps1	865	pseudogene
Olfr534-ps1	866	pseudogene
Olfr563-ps1	867	pseudogene
Olfr200-ps1	870	pseudogene
Olfr1027-ps1	873	pseudogene
Olfr950-ps1	874	pseudogene
Olfr185-ps1	875	pseudogene
Olfr831-ps1	878	pseudogene
Olfr334-ps1	881	pseudogene
Olfr1127-ps1	890	pseudogene
Olfr953-ps1	892	pseudogene
Olfr793-ps1	892	pseudogene
Olfr590-ps1	892	pseudogene
Olfr1460-ps1	895	pseudogene
Olfr990-ps1	898	pseudogene
Olfr210-ps1	899	pseudogene
Olfr991-ps1	904	pseudogene
Olfr1543-ps1	905	pseudogene
Olfr1400-ps1	908	pseudogene
Olfr755-ps1	908	pseudogene
Olfr754-ps1	908	pseudogene
Olfr989-ps1	910	pseudogene
Olfr1147-ps1	911	pseudogene
Olfr1159-ps1	912	pseudogene
Olfr833-ps1	913	pseudogene
Olfr1343-ps1	913	pseudogene
Olfr964-ps1	913	pseudogene
Olfr496-ps1	914	pseudogene
Olfr440-ps1	914	pseudogene
Olfr840-ps1	915	pseudogene
Olfr1430-ps1	917	pseudogene
Olfr1464-ps1	917	pseudogene
Olfr1452-ps1	917	pseudogene
RP23-82L23.15	923	pseudogene
Olfr359-ps1	925	pseudogene
RP23-82L23.14	926	pseudogene
RP23-82L23.13	927	pseudogene
Olfr762-ps1	927	pseudogene
RP23-82L23.12	927	pseudogene
Olfr1227-ps1	927	pseudogene
Olfr1398-ps1	928	pseudogene
Olfr861-ps1	928	pseudogene
Olfr756-ps1	928	pseudogene
Olfr529-ps1	928	pseudogene
Olfr1267-ps1	928	pseudogene
Olfr779	929	pseudogene
Olfr863-ps	929	pseudogene
Olfr499-ps1	929	pseudogene
Olfr848-ps1	930	pseudogene
Olfr858-ps1	930	pseudogene
Olfr864-ps1	930	pseudogene
Olfr475-ps1	930	pseudogene
Olfr892-ps1	930	pseudogene
Olfr908	932	pseudogene
Olfr500-ps1	932	pseudogene
Olfr915	932	pseudogene
Olfr379-ps1	933	pseudogene
Olfr162-ps1	933	pseudogene
Olfr636-ps1	934	pseudogene
Olfr682-ps1	934	pseudogene
Olfr941-ps1	934	pseudogene
Olfr383-ps1	935	pseudogene
Olfr451-ps1	935	pseudogene
Olfr471	935	pseudogene
Olfr1374-ps1	935	pseudogene
Olfr897-ps1	936	pseudogene
Olfr1103-ps1	936	pseudogene
Olfr621-ps1	936	pseudogene
Olfr335-ps	1237	pseudogene
Olfr997-ps1	937	pseudogene
Olfr936	937	pseudogene
Olfr1292-ps1	1004	pseudogene
Olfr1296-ps1	938	pseudogene
Olfr336-ps1	939	pseudogene
Olfr163-ps1	939	pseudogene
Olfr408-ps1	939	pseudogene
Olfr1527-ps1	939	pseudogene
Olfr1063-ps1	939	pseudogene
Olfr1060-ps1	940	pseudogene
Olfr1083-ps	940	pseudogene
Olfr1146-ps1	941	pseudogene
Olfr977-ps1	1103	pseudogene
RP23-373C24.12	942	pseudogene
Olfr501-ps1	943	pseudogene
Olfr580-ps1	943	pseudogene
Olfr1544-ps1	943	pseudogene
Olfr1001-ps1	943	pseudogene
Olfr1081-ps1	943	pseudogene
Olfr565-ps1	943	pseudogene
Olfr674-ps1	1136	pseudogene
Olfr1050-ps1	944	pseudogene
Olfr268-ps1	944	pseudogene
Olfr856-ps1	945	pseudogene
Olfr999-ps1	945	pseudogene
Olfr949-ps1	945	pseudogene
Olfr1470-ps1	946	pseudogene
Olfr1165-ps	947	pseudogene
Olfr696-ps1	1169	pseudogene
Olfr587-ps1	948	pseudogene
Olfr562-ps1	948	pseudogene
Olfr271-ps1	948	pseudogene
Olfr712-ps1	949	pseudogene
Olfr634-ps1	949	pseudogene
Olfr595-ps1	949	pseudogene
Olfr1376-ps1	950	pseudogene
Olfr1473-ps1	950	pseudogene
Olfr400-ps1	951	pseudogene
Olfr663	1042	pseudogene
Olfr1332-ps1	952	pseudogene
Olfr647-ps1	954	pseudogene
Olfr1397-ps1	955	pseudogene
Olfr29-ps1	955	pseudogene
Olfr1069-ps1	955	pseudogene
Olfr664	958	pseudogene
Olfr489-ps1	959	pseudogene
Olfr404-ps1	960	pseudogene
Olfr505-ps1	960	pseudogene
Olfr409-ps1	962	pseudogene
Olfr838-ps1	963	pseudogene
Olfr1117-ps1	965	pseudogene
Olfr1498-ps1	966	pseudogene
Olfr1379-ps1	967	pseudogene
Olfr752-ps1	971	pseudogene
Olfr337-ps1	972	pseudogene
Olfr197	976	pseudogene
Olfr1077-ps1	977	pseudogene
Olfr687	984	pseudogene
Olfr421-ps1	991	pseudogene
Olfr1273-ps	1001	pseudogene
Olfr258-ps1	1141	pseudogene
Olfr1021-ps1	946	pseudogene
Olfr1468-ps1	1102	pseudogene
Olfr1010	1188	pseudogene
Olfr1038-ps	526	pseudogene
Olfr396-ps1	1050	pseudogene
Olfr151	1128	pseudogene
Olfr300-ps1	1141	pseudogene
Olfr192	1430	pseudogene
Olfr296-ps1	1085	pseudogene
Olfr405-ps1	1208	pseudogene
Olfr367-ps	1212	pseudogene
Olfr1035-ps1	1270	pseudogene
Olfr377-ps1	1617	pseudogene
Olfr947-ps1	1398	pseudogene
Olfr1268-ps1	1513	pseudogene
Olfr602-ps1	1320	pseudogene
Olfr1171-ps1	1571	pseudogene
Olfr188-ps1	1675	pseudogene
Olfr387-ps1	9812	pseudogene
Olfr537-ps1	2110	pseudogene
Olfr22-ps1	2129	pseudogene
Olfr1285	2321	pseudogene
Olfr75-ps1	2235	pseudogene
Olfr388-ps1	2177	pseudogene
Olfr1300-ps1	2658	pseudogene
Olfr333-ps1	2395	pseudogene
Olfr443-ps1	2501	pseudogene
Olfr650-ps1	2655	pseudogene
Olfr225	3121	pseudogene
Olfr753-ps1	2821	pseudogene
RP23-58L22.3	4530	pseudogene
Olfr542-ps1	4706	pseudogene
Olfr1372-ps1	4698	pseudogene
